Date,Service,Name,Mobile,City,Requirement,Status
11-06-2026 23:19,Electrician,Sunil Prajapati,8400820048,Gkp,Fan Reparing,New
11-06-2026 23:28,Electrician,Sunil Prajapati,1234,gkp,,New
11-06-2026 23:28,Electrician,Sunil Prajapati,1234,gkp,ok,New
11-06-2026 23:33,Electrician,Sunil Prajapati,12345,GKP,OK,New
11-06-2026 23:36,Electrician,Sunil Prajapati,12345,GKP,OK,New
11-06-2026 23:36,Electrician,Sunil Prajapati,12345,GKP,OK,New
11-06-2026 23:37,Electrician,Sunil Prajapati,12345,GKP,OK,New
11-06-2026 23:44,Electrician,Sunil Prajapati,12345,GKP,OK,New
11-06-2026 23:45,Electrician,Sunil Prajapati,1234,Na,Na,New
11-06-2026 23:47,Electrician,Sunil Prajapati,1234,Na,Na,New
11-06-2026 23:47,Electrician,Sunil Prajapati,1234,Na,Na,New
11-06-2026 23:47,Electrician,Sunil Prajapati,1234,Na,Na,New
11-06-2026 23:48,Electrician,Sunil Prajapati,12245,GKP,NA,New
11-06-2026 23:51,Electrician,Sunil Prajapati,1244566,NA,Na,New
11-06-2026 23:53,Electrician,KK,12345,NA,NA,New
11-06-2026 23:56,Electrician,SK,1234,Na,NA,New
11-06-2026 23:59,Electrician,Sunil Prajapati,9876655,GKP,NA,New
12-06-2026 18:12,Plumber,Sunil Prajapati,9187654320,gkp,,New
12-06-2026 18:15,Electrician,Sunil Prajapati,9876543457,GKP,,New
